{"t0": 8008.4398239367265, "t1": -4656.591421731738, "input_min": 22899, "input_max": 240000, "input_mean": 101066}